temperature,wind,precipitation,user_counts
10.4,4.6,0.844944,6368
5.666667,4.625,0.04086,5902
4.933333,4.725,0.008696,6226
3.4,2.675,0.156989,5829
8.9,3.95,7.988462,7589
